GTCAACTCTTTAGCG,HTO-1,hashing
TGATGGCCTATTGGG,HTO-2,hashing
TTCCGCCTCTCTTTG,HTO-3,hashing
AGTAAGTTCAGCGTA,HTO-4,hashing
AAGTATCGTTTCGCA,HTO-5,hashing
GGTTGCCAGATGTCA,HTO-6,hashing
TGTCTTTCCTGCCAG,HTO-7,hashing
CTCCTCTGCAATTAC,HTO-8,hashing
CAGTAGTCACGGTCA,HTO-9,hashing
ATTGACCCGCGTTAG,HTO-10,hashing
CGATTGTAGACCTTT,HTO-11,hashing
TAACGACCAGCCATA,HTO-12,hashing
AAATCTCTCAGGCTC,HTO-13,hashing
CTGTATGTCCGATTG,HTO-14,hashing
TAAGATTCAGAGCGA,HTO-15,hashing
CTCAGTGCATTCTGG,HTO-16,hashing
GCATTCTGTGCTATC,HTO-17,hashing
CAAACCAACAGTTCG,HTO-18,hashing
ACCCTTCCCTTCGTT,HTO-19,hashing